Shitensyo,Hello!!!,(2016-11-14 13:45:40)
Shitensyo,Nice to Meet you.,(2016-11-14 13:45:57)
Shitensyo,Nice to Meet you.,(2016-11-14 13:46:21)
Moriya,wqx,(2016-11-14 14:53:21)
shite,fwed,(2016-11-14 15:35:31)
shite,fwed,(2016-11-14 15:35:45)
shite,fwed,(2016-11-14 15:35:50)
shite,fwed,(2016-11-14 15:37:19)
a,ss,(2016-11-14 15:40:34)
a,ss,(2016-11-14 15:40:55)
a,ss,(2016-11-14 15:41:03)
a,aa,(2016-11-14 15:41:09)
a,aa,(2016-11-14 15:41:30)
a,sfdd,(2016-11-14 15:41:32)
shitensyo,hello!!,(2016-11-14 15:41:52)
shitensyo,moriya,(2016-11-14 15:43:09)
